"Title";"Type";"Rootfolder";"LibraryName";"Language";"Fallback";"TextTruncated";"Download Source";"Fav Provider Link"
"2 Fast 2 Furious";"Movie";"2 Fast 2 Furious (2003) {tmdb-584}";"4K";"Textless";"false";"false";"https://image.tmdb.org/t/p/original/oA2EHuo3ldsJX8mtKCXmCtlBc4F.jpg";"https://www.themoviedb.org/movie/584/images/posters"
"3 Engel für Charlie";"Movie";"Charlies Angels (2000) {tmdb-4327}";"4K";"Textless";"false";"false";"https://image.tmdb.org/t/p/original/5rzdR2OoMalxVrXKfFFwwn1Frd4.jpg";"https://www.themoviedb.org/movie/4327/images/posters"
"6 Underground";"Movie";"6 Underground (2019) {tmdb-509967}";"4K";"Textless";"false";"false";"https://image.tmdb.org/t/p/original/766FXdXG1PUD0aNq5jow1ReEdHl.jpg";"https://www.themoviedb.org/movie/509967/images/posters"
"7 Tage in Entebbe";"Movie";"7 Days in Entebbe (2018) {tmdb-433627}";"4K";"Textless";"false";"false";"https://image.tmdb.org/t/p/original/tE9jNMQnHDEGS8C58TbQ2ut6h96.jpg";"https://www.themoviedb.org/movie/433627/images/posters"
"10 Dinge, die ich an Dir hasse";"Movie";"10 Things I Hate About You (1999) {tmdb-4951}";"4K";"Textless";"false";"false";"https://image.tmdb.org/t/p/original/myjyWdQOGfAjJTdAaZkjhKypoez.jpg";"https://www.themoviedb.org/movie/4951/images/posters"
"13 Hours: The Secret Soldiers of Benghazi";"Movie";"13 Hours The Secret Soldiers of Benghazi (2016) {tmdb-300671}";"4K";"Textless";"false";"false";"https://image.tmdb.org/t/p/original/i3bzH1sTJunrJAOPwbgI9OfilFC.jpg";"https://www.themoviedb.org/movie/300671/images/posters"
"15:17 nach Paris";"Movie";"The 15 - 17 to Paris (2018) {tmdb-453201}";"4K";"Textless";"false";"false";"https://image.tmdb.org/t/p/original/v0qaWfSeutOf5lI1WsIBwaJrhC1.jpg";"https://www.themoviedb.org/movie/453201/images/posters"
"21 Bridges - Jagd durch Manhattan";"Movie";"21 Bridges (2019) {tmdb-535292}";"4K";"Textless";"false";"false";"https://image.tmdb.org/t/p/original/drGAwtQbYHJPZUxDTxhOv0apOJW.jpg";"https://www.themoviedb.org/movie/535292/images/posters"
"22 gegen die Erde";"Movie";"22 vs. Earth (2021) {tmdb-811367}";"4K";"Textless";"false";"false";"https://image.tmdb.org/t/p/original/hlHl174xDSIvitAmn6o1DWVQxQI.jpg";"https://www.themoviedb.org/movie/811367/images/posters"
"22. Juli";"Movie";"22 July (2018) {tmdb-474354}";"4K";"Textless";"false";"false";"https://image.tmdb.org/t/p/original/dWE5XmpEq3E9tbCdBdzxR8E7Xmr.jpg";"https://www.themoviedb.org/movie/474354/images/posters"
"28 Years Later";"Movie";"28 Years Later (2025) {tmdb-1100988}";"4K";"Textless";"false";"false";"https://image.tmdb.org/t/p/original/kqJO8RLkwXyPNF2aY6snYlP2Mlm.jpg";"https://www.themoviedb.org/movie/1100988/images/posters"
"47 Ronin";"Movie";"47 Ronin (2013) {tmdb-64686}";"4K";"Textless";"false";"false";"https://image.tmdb.org/t/p/original/GxPyirRq2o5dwODigBqyz4wmqt.jpg";"https://www.themoviedb.org/movie/64686/images/posters"
"The 355";"Movie";"The 355 (2022) {tmdb-522016}";"4K";"Textless";"false";"false";"https://image.tmdb.org/t/p/original/h4AKGCEiLRKSKyRsWnZ0pgtFWbm.jpg";"https://www.themoviedb.org/movie/522016/images/posters"
"365 Days";"Movie";"365 Days (2020) {tmdb-664413}";"4K";"Textless";"false";"false";"https://image.tmdb.org/t/p/original/9M4I1KMjwgfuokHedmXKMNqM3Li.jpg";"https://www.themoviedb.org/movie/664413/images/posters"
"1917";"Movie";"1917 (2019) {tmdb-530915}";"4K";"Textless";"false";"false";"https://image.tmdb.org/t/p/original/oG1mL3IgPJQsEdqilmXOpw5uDV0.jpg";"https://www.themoviedb.org/movie/530915/images/posters"
"2012 - Das Ende der Welt";"Movie";"2012 (2009) {tmdb-14161}";"4K";"Textless";"false";"false";"https://image.tmdb.org/t/p/original/sU6PGuh6pU9xUinEPR2jhU5unr.jpg";"https://www.themoviedb.org/movie/14161/images/posters"
"7500";"Movie";"7500 (2019) {tmdb-509585}";"4K";"Textless";"false";"false";"https://image.tmdb.org/t/p/original/xKDsGTaYU4nMLQp3zDpyqdkcjZ9.jpg";"https://www.themoviedb.org/movie/509585/images/posters"
"Accident Man - Hitman's Holiday";"Movie";"Accident Man Hitmans Holiday (2022) {tmdb-879444}";"4K";"Textless";"false";"false";"https://image.tmdb.org/t/p/original/8yqDd3zrkGcYwyn3GzZTS43l9VI.jpg";"https://www.themoviedb.org/movie/879444/images/posters"
"The Accidental Getaway Driver";"Movie";"The Accidental Getaway Driver (2023) {tmdb-1058615}";"4K";"Textless";"false";"false";"https://image.tmdb.org/t/p/original/Ap6BFSsiKmzSdwJWtulb6XVEbma.jpg";"https://www.themoviedb.org/movie/1058615/images/posters"
"The Accountant";"Movie";"The Accountant (2016) {tmdb-302946}";"4K";"Textless";"false";"false";"https://image.tmdb.org/t/p/original/mGaswoDGzXFoTZIyUYhhdao6Et8.jpg";"https://www.themoviedb.org/movie/302946/images/posters"
"The Accountant 2";"Movie";"The Accountant 2 (2025) {tmdb-870028}";"4K";"Textless";"false";"false";"https://image.tmdb.org/t/p/original/wVvdvtZHFQmGlX5ESlVtpCy8a7b.jpg";"https://www.themoviedb.org/movie/870028/images/posters"
"Ad Astra - Zu den Sternen";"Movie";"Ad Astra (2019) {tmdb-419704}";"4K";"Textless";"false";"false";"https://image.tmdb.org/t/p/original/hdlJQ199maWeT2j8ATTCOwe1UKR.jpg";"https://www.themoviedb.org/movie/419704/images/posters"
"After Earth";"Movie";"After Earth (2013) {tmdb-82700}";"4K";"Textless";"false";"false";"https://image.tmdb.org/t/p/original/jBDpwrwqoMm3YbsTVVwGBHu7ye2.jpg";"https://www.themoviedb.org/movie/82700/images/posters"
"Air Force One";"Movie";"Air Force One (1997) {tmdb-9772}";"4K";"Textless";"false";"false";"https://image.tmdb.org/t/p/original/njRCUav8ubspuMpUYLl8nC6Zn7Y.jpg";"https://www.themoviedb.org/movie/9772/images/posters"
"AKA";"Movie";"AKA (2023) {tmdb-1102776}";"4K";"Textless";"false";"false";"https://image.tmdb.org/t/p/original/iecght867E2tdRr7uC7QoY1oJJv.jpg";"https://www.themoviedb.org/movie/1102776/images/posters"
"Akira";"Movie";"Akira (1988) {tmdb-149}";"4K";"Textless";"false";"false";"https://image.tmdb.org/t/p/original/3hLKz0oMor8DMrosPbH66Z7muX.jpg";"https://www.themoviedb.org/movie/149/images/posters"
"Aladdin";"Movie";"Aladdin (2019) {tmdb-420817}";"4K";"Textless";"false";"false";"https://image.tmdb.org/t/p/original/7VtqCYduP2XcnI3ndapOVUUfA8N.jpg";"https://www.themoviedb.org/movie/420817/images/posters"
"Alfred Morettis Opus";"Movie";"Opus (2025) {tmdb-1202479}";"4K";"Textless";"false";"false";"https://image.tmdb.org/t/p/original/u6zcR6HcrqFNB4Xrw9oOTgQCx8f.jpg";"https://www.themoviedb.org/movie/1202479/images/posters"
"Alien: Romulus";"Movie";"Alien Romulus (2024) {tmdb-945961}";"4K";"Textless";"false";"false";"https://image.tmdb.org/t/p/original/v1FeQbgMCnrwUCdeblSZRXOD4Tn.jpg";"https://www.themoviedb.org/movie/945961/images/posters"
"Alita: Battle Angel";"Movie";"Alita Battle Angel (2019) {tmdb-399579}";"4K";"Textless";"false";"false";"https://image.tmdb.org/t/p/original/1pRAikUnzQWp9bREvSeWrLDTWwk.jpg";"https://www.themoviedb.org/movie/399579/images/posters"
"All of You";"Movie";"All of You (2025) {tmdb-1319965}";"4K";"Textless";"false";"false";"https://image.tmdb.org/t/p/original/3Pt9W5sCCsfUJzta75aPEGm9YQ2.jpg";"https://www.themoviedb.org/movie/1319965/images/posters"
"Alle reden von Jamie";"Movie";"Everybodys Talking About Jamie (2021) {tmdb-624899}";"4K";"Textless";"false";"false";"https://image.tmdb.org/t/p/original/9rzigjZeH6CscR0wHrjTohSgjiP.jpg";"https://www.themoviedb.org/movie/624899/images/posters"
"Alle Teufel sind hier";"Movie";"All the Devils Are Here (2025) {tmdb-1530875}";"4K";"Textless";"false";"false";"https://image.tmdb.org/t/p/original/1TL2OHVWP4MiPtZCygVPr6ePppb.jpg";"https://www.themoviedb.org/movie/1530875/images/posters"
"Alles steht Kopf";"Movie";"Inside Out (2015) {tmdb-150540}";"4K";"Textless";"false";"false";"https://image.tmdb.org/t/p/original/grrNCoPLtBP0C4W2y1vsqYNT3JD.jpg";"https://www.themoviedb.org/movie/150540/images/posters"
"Almost Cops";"Movie";"Almost Cops (2025) {tmdb-1374534}";"4K";"Textless";"false";"false";"https://image.tmdb.org/t/p/original/v3aq0JZIjXr8okdnBR7yzn9kcbd.jpg";"https://www.themoviedb.org/movie/1374534/images/posters"
"Almost Famous - Fast berühmt";"Movie";"Almost Famous (2000) {tmdb-786}";"4K";"Textless";"false";"false";"https://image.tmdb.org/t/p/original/wpvOKtPHl7SeqapcZLO4rJVUgeT.jpg";"https://www.themoviedb.org/movie/786/images/posters"
"Aloha - Die Chance auf Glück";"Movie";"Aloha (2015) {tmdb-222936}";"4K";"Textless";"false";"false";"https://image.tmdb.org/t/p/original/eeKOFKlh1EkO4Su3lQ5iVf0XJpn.jpg";"https://www.themoviedb.org/movie/222936/images/posters"
"The Alto Knights";"Movie";"The Alto Knights (2025) {tmdb-1013601}";"4K";"Textless";"false";"false";"https://image.tmdb.org/t/p/original/maK6maTkWMCBWo6idPKsSsoP49Q.jpg";"https://www.themoviedb.org/movie/1013601/images/posters"
"The Amateur";"Movie";"The Amateur (2025) {tmdb-1087891}";"4K";"Textless";"false";"false";"https://image.tmdb.org/t/p/original/8mtEsitmHUAkYBXfNXT1EfLuriZ.jpg";"https://www.themoviedb.org/movie/1087891/images/posters"
"The Amazing Spider-Man";"Movie";"The Amazing Spider-Man (2012) {tmdb-1930}";"4K";"Textless";"false";"false";"https://image.tmdb.org/t/p/original/qGLvuJ182jr5GMn9X8oWPf7HnGB.jpg";"https://www.themoviedb.org/movie/1930/images/posters"
"The Amazing Spider-Man 2: Rise of Electro";"Movie";"The Amazing Spider-Man 2 (2014) {tmdb-102382}";"4K";"Textless";"false";"false";"https://image.tmdb.org/t/p/original/blyFwgxtWOWJarX67O5TG3wRGPC.jpg";"https://www.themoviedb.org/movie/102382/images/posters"
"Ambulance";"Movie";"Ambulance (2022) {tmdb-763285}";"4K";"Textless";"false";"false";"https://image.tmdb.org/t/p/original/fYTKvzMok3BDRxZJ3B4XHEtly16.jpg";"https://www.themoviedb.org/movie/763285/images/posters"
"An American Pickle";"Movie";"An American Pickle (2020) {tmdb-628917}";"4K";"Textless";"false";"false";"https://image.tmdb.org/t/p/original/lBC5MSAF623FFMnjHjnCrIUSTnh.jpg";"https://www.themoviedb.org/movie/628917/images/posters"
"American Sniper";"Movie";"American Sniper (2014) {tmdb-190859}";"4K";"Textless";"false";"false";"https://image.tmdb.org/t/p/original/wvYHTgPv5BiBw2Bl5RFlvRzgKqU.jpg";"https://www.themoviedb.org/movie/190859/images/posters"
"Amsterdam";"Movie";"Amsterdam (2022) {tmdb-664469}";"4K";"Textless";"false";"false";"https://image.tmdb.org/t/p/original/r5EKQZKVgsdQEmWnf1dtIXU2S89.jpg";"https://www.themoviedb.org/movie/664469/images/posters"
"Ananas Express";"Movie";"Pineapple Express (2008) {tmdb-10189}";"4K";"Textless";"false";"false";"https://image.tmdb.org/t/p/original/wJ3VUZ5VWiZY5vIwi1sKlOUM5Cb.jpg";"https://www.themoviedb.org/movie/10189/images/posters"
"Anatomie eines Mordes";"Movie";"Anatomy of a Murder (1959) {tmdb-93}";"4K";"Textless";"false";"false";"https://image.tmdb.org/t/p/original/t7VJ3PJBVknvMmU83CwMQ9uOJEZ.jpg";"https://www.themoviedb.org/movie/93/images/posters"
"Andy Warhols Frankenstein";"Movie";"Flesh for Frankenstein (1973) {tmdb-3043}";"4K";"Textless";"false";"false";"https://image.tmdb.org/t/p/original/j33GXLhhAY2b7tqnoCG1n9yPfGr.jpg";"https://www.themoviedb.org/movie/3043/images/posters"
"Angel Has Fallen";"Movie";"Angel Has Fallen (2019) {tmdb-423204}";"4K";"Textless";"false";"false";"https://image.tmdb.org/t/p/original/rB7SHiFTMq0qfEBPnyJvznBN6pA.jpg";"https://www.themoviedb.org/movie/423204/images/posters"
"Angry Birds - Der Film";"Movie";"The Angry Birds Movie (2016) {tmdb-153518}";"4K";"Textless";"false";"false";"https://image.tmdb.org/t/p/original/zFMSfAQu4NvlSgjWJXElaVwPZef.jpg";"https://www.themoviedb.org/movie/153518/images/posters"
"Angry Birds 2 - Der Film";"Movie";"The Angry Birds Movie 2 (2019) {tmdb-454640}";"4K";"Textless";"false";"false";"https://image.tmdb.org/t/p/original/kEVZtLumYmKKIYQH6GMg1CprZGM.jpg";"https://www.themoviedb.org/movie/454640/images/posters"
"Anora";"Movie";"Anora (2024) {tmdb-1064213}";"4K";"Textless";"false";"false";"https://image.tmdb.org/t/p/original/86jTlrqpVpYAfRwkUjojj3Pt5rc.jpg";"https://www.themoviedb.org/movie/1064213/images/posters"
"Der Anschlag";"Movie";"The Sum of All Fears (2002) {tmdb-4614}";"4K";"Textless";"false";"false";"https://image.tmdb.org/t/p/original/AlaXmSoTpAo7dkf5KG2nQEOGvzc.jpg";"https://www.themoviedb.org/movie/4614/images/posters"
"Ant-Man";"Movie";"Ant-Man (2015) {tmdb-102899}";"4K";"Textless";"false";"false";"https://image.tmdb.org/t/p/original/fRUOBtv8njiN7bOX2lR83db1vMe.jpg";"https://www.themoviedb.org/movie/102899/images/posters"
"Ant-Man and the Wasp";"Movie";"Ant-Man and the Wasp (2018) {tmdb-363088}";"4K";"Textless";"false";"false";"https://image.tmdb.org/t/p/original/oSeG3qqCZggWqJX2PL5wjFb5ltv.jpg";"https://www.themoviedb.org/movie/363088/images/posters"
"Antebellum";"Movie";"Antebellum (2020) {tmdb-627290}";"4K";"Textless";"false";"false";"https://image.tmdb.org/t/p/original/hohW4NF4otRsilWy96cc4o70e6L.jpg";"https://www.themoviedb.org/movie/627290/images/posters"
"Apocalypse Now";"Movie";"Apocalypse Now (1979) {tmdb-28}";"4K";"Textless";"false";"false";"https://image.tmdb.org/t/p/original/5U33BMOwcWkpO1YAVRFxZ2udFiT.jpg";"https://www.themoviedb.org/movie/28/images/posters"
"Aprile";"Movie";"Aprile (1998) {tmdb-32117}";"4K";"Textless";"false";"false";"https://image.tmdb.org/t/p/original/urjEOAToraNeBZTu36bll9wUzBb.jpg";"https://www.themoviedb.org/movie/32117/images/posters"
"Aquaman";"Movie";"Aquaman (2018) {tmdb-297802}";"4K";"Textless";"false";"false";"https://image.tmdb.org/t/p/original/rKQv0EhWYXmoZ5UbeZrCcMitJuH.jpg";"https://www.themoviedb.org/movie/297802/images/posters"
"Arielle, die Meerjungfrau";"Movie";"The Little Mermaid (1989) {tmdb-10144}";"4K";"Textless";"false";"false";"https://image.tmdb.org/t/p/original/70mIeRJphL3IrQWNa78Ae6A3BzW.jpg";"https://www.themoviedb.org/movie/10144/images/posters"
"Arlo & Spot";"Movie";"The Good Dinosaur (2015) {tmdb-105864}";"4K";"Textless";"false";"false";"https://image.tmdb.org/t/p/original/qnrkrcHfqXHZSfl3S07Er3mq3s8.jpg";"https://www.themoviedb.org/movie/105864/images/posters"
"Army of the Dead";"Movie";"Army of the Dead (2021) {tmdb-503736}";"4K";"Textless";"false";"false";"https://image.tmdb.org/t/p/original/swvzzOqYQ48KnKpmHmTdiwlfdAw.jpg";"https://www.themoviedb.org/movie/503736/images/posters"
"Ask Me What You Want";"Movie";"Ask Me What You Want (2024) {tmdb-1252309}";"4K";"Textless";"false";"false";"https://image.tmdb.org/t/p/original/9ss1kSdZCtw8ycdRM837wKDUvtx.jpg";"https://www.themoviedb.org/movie/1252309/images/posters"
"The Assassin";"Movie";"The Assassin (2023) {tmdb-890154}";"4K";"Textless";"false";"false";"https://image.tmdb.org/t/p/original/jUUAI45BM5evmlNMfOZwrtrLjlt.jpg";"https://www.themoviedb.org/movie/890154/images/posters"
"Assassin's Creed";"Movie";"Assassins Creed (2016) {tmdb-121856}";"4K";"Textless";"false";"false";"https://image.tmdb.org/t/p/original/o3zEjGyLFEufQmCRJit5MdQ3jgX.jpg";"https://www.themoviedb.org/movie/121856/images/posters"
"The Assessment";"Movie";"The Assessment (2025) {tmdb-1317088}";"4K";"Textless";"false";"false";"https://image.tmdb.org/t/p/original/g7iWtaQ60bOIe7ljGLkmhm541fh.jpg";"https://www.themoviedb.org/movie/1317088/images/posters"
"Atomic Blonde";"Movie";"Atomic Blonde (2017) {tmdb-341013}";"4K";"Textless";"false";"false";"https://image.tmdb.org/t/p/original/yGfjxDIbB3XP49XZYy8hY3Kqufq.jpg";"https://www.themoviedb.org/movie/341013/images/posters"
"Auferstanden";"Movie";"Risen (2016) {tmdb-335778}";"4K";"Textless";"false";"false";"https://image.tmdb.org/t/p/original/o4YX7DHKHRwlz2Qr33vSLujId9z.jpg";"https://www.themoviedb.org/movie/335778/images/posters"
"Auslöschung";"Movie";"Annihilation (2018) {tmdb-300668}";"4K";"Textless";"false";"false";"https://image.tmdb.org/t/p/original/dHdPxlWbM7vKxOuQnjSlZCsuOve.jpg";"https://www.themoviedb.org/movie/300668/images/posters"
"Avatar - Aufbruch nach Pandora";"Movie";"Avatar (2009) {tmdb-19995}";"4K";"Textless";"false";"false";"https://image.tmdb.org/t/p/original/fwmoeF44DXBk1tC30QFAiE0nwjT.jpg";"https://www.themoviedb.org/movie/19995/images/posters"
"Avatar: The Way of Water";"Movie";"Avatar The Way of Water (2022) {tmdb-76600}";"4K";"Textless";"false";"false";"https://image.tmdb.org/t/p/original/mkq9bJNJS9PPCQKpCMycOyiXXPK.jpg";"https://www.themoviedb.org/movie/76600/images/posters"
"Avengers: Age of Ultron";"Movie";"Avengers Age of Ultron (2015) {tmdb-99861}";"4K";"Textless";"false";"false";"https://image.tmdb.org/t/p/original/A9IrbksYclZQWI5pwbz7zop9OIM.jpg";"https://www.themoviedb.org/movie/99861/images/posters"
"Avengers: Endgame";"Movie";"Avengers Endgame (2019) {tmdb-299534}";"4K";"Textless";"false";"false";"https://image.tmdb.org/t/p/original/3YBoaKqcCl5FEVPFgycG5jWw3ky.jpg";"https://www.themoviedb.org/movie/299534/images/posters"
"Avengers: Infinity War";"Movie";"Avengers Infinity War (2018) {tmdb-299536}";"4K";"Textless";"false";"false";"https://image.tmdb.org/t/p/original/dW88Lx1nwaUQgXIvjg2kRrbIOH1.jpg";"https://www.themoviedb.org/movie/299536/images/posters"
"Der Babadook";"Movie";"The Babadook (2014) {tmdb-242224}";"4K";"Textless";"false";"false";"https://image.tmdb.org/t/p/original/1HJyOa7gkX46y3QtGMulw69vK2W.jpg";"https://www.themoviedb.org/movie/242224/images/posters"
"The Babysitter";"Movie";"The Babysitter (2017) {tmdb-419479}";"4K";"Textless";"false";"false";"https://image.tmdb.org/t/p/original/n5toIb26FOtaIcVuVNxEN4BDzgF.jpg";"https://www.themoviedb.org/movie/419479/images/posters"
"Back in Action";"Movie";"Back in Action (2025) {tmdb-993710}";"4K";"Textless";"false";"false";"https://image.tmdb.org/t/p/original/p9a6bL22sG9kIEGYjo6hs6okjLX.jpg";"https://www.themoviedb.org/movie/993710/images/posters"
"Bad Boys - Harte Jungs";"Movie";"Bad Boys (1995) {tmdb-9737}";"4K";"Textless";"false";"false";"https://image.tmdb.org/t/p/original/mZ9ynx0nCrE4vMP8Is4WVSDBRTE.jpg";"https://www.themoviedb.org/movie/9737/images/posters"
"Bad Boys for Life";"Movie";"Bad Boys for Life (2020) {tmdb-38700}";"4K";"Textless";"false";"false";"https://image.tmdb.org/t/p/original/mKbAl3Cf2SRwUYgyRQQkCF1US03.jpg";"https://www.themoviedb.org/movie/38700/images/posters"
"Bad Boys II";"Movie";"Bad Boys II (2003) {tmdb-8961}";"4K";"Textless";"false";"false";"https://image.tmdb.org/t/p/original/w9GDnEtg8RKK6qQNv0h2cmqPwqW.jpg";"https://www.themoviedb.org/movie/8961/images/posters"
"Bad Times at the El Royale";"Movie";"Bad Times at the El Royale (2018) {tmdb-446021}";"4K";"Textless";"false";"false";"https://image.tmdb.org/t/p/original/fNEa8QcK1WYoL4xLwhm5wb0Ymri.jpg";"https://www.themoviedb.org/movie/446021/images/posters"
"The Ballad of Wallis Island";"Movie";"The Ballad of Wallis Island (2025) {tmdb-1122099}";"4K";"Textless";"false";"false";"https://image.tmdb.org/t/p/original/AkP6AW6OQuIeyFR0Y1WfEVKHpR5.jpg";"https://www.themoviedb.org/movie/1122099/images/posters"
"Bambi - Eine Lebensgeschichte aus dem Walde";"Movie";"Bambi A Tale of Life in the Woods (2024) {tmdb-1094473}";"4K";"Textless";"false";"false";"https://image.tmdb.org/t/p/original/zl5ydIhGsLuBLmtI09wAVAHKD4Q.jpg";"https://www.themoviedb.org/movie/1094473/images/posters"
"Basic Instinct";"Movie";"Basic Instinct (1992) {tmdb-402}";"4K";"Textless";"false";"false";"https://image.tmdb.org/t/p/original/nPaREWEpSiFkwidVxTR1PVYgfmf.jpg";"https://www.themoviedb.org/movie/402/images/posters"
"Bastion 36";"Movie";"Squad 36 (2025) {tmdb-1230208}";"4K";"Textless";"false";"false";"https://image.tmdb.org/t/p/original/qLvcezcWQJBJJCZMNBzGfIiFnrd.jpg";"https://www.themoviedb.org/movie/1230208/images/posters"
"Batman";"Movie";"Batman (1989) {tmdb-268}";"4K";"Textless";"false";"false";"https://image.tmdb.org/t/p/original/1eW1MBemXWbamKzzaJWQcvoSVOP.jpg";"https://www.themoviedb.org/movie/268/images/posters"
"The Batman";"Movie";"The Batman (2022) {tmdb-414906}";"4K";"Textless";"false";"false";"https://image.tmdb.org/t/p/original/fxUJV9LwTyYiP1pqC9ADeYH5Hat.jpg";"https://www.themoviedb.org/movie/414906/images/posters"
"Batman Forever";"Movie";"Batman Forever (1995) {tmdb-414}";"4K";"Textless";"false";"false";"https://image.tmdb.org/t/p/original/4kmHdczA4DtH6FhPqEpUJD4bmN6.jpg";"https://www.themoviedb.org/movie/414/images/posters"
"Batman v Superman: Dawn of Justice";"Movie";"Batman v Superman Dawn of Justice (2016) {tmdb-209112}";"4K";"Textless";"false";"false";"https://image.tmdb.org/t/p/original/veBNtUuf0ZsMvZF9YuucP7fdBLq.jpg";"https://www.themoviedb.org/movie/209112/images/posters"
"Batman: Soul of the Dragon";"Movie";"Batman Soul of the Dragon (2021) {tmdb-732450}";"4K";"Textless";"false";"false";"https://image.tmdb.org/t/p/original/hGr4vqj2YXoNeD7m0YsgXC1vn58.jpg";"https://www.themoviedb.org/movie/732450/images/posters"
"Battleship";"Movie";"Battleship (2012) {tmdb-44833}";"4K";"Textless";"false";"false";"https://image.tmdb.org/t/p/original/KS9gOmxxdbrUmenKOj6a6AwEW6.jpg";"https://www.themoviedb.org/movie/44833/images/posters"
"Baymax - Riesiges Robowabohu";"Movie";"Big Hero 6 (2014) {tmdb-177572}";"4K";"Textless";"false";"false";"https://image.tmdb.org/t/p/original/eWOwOmNmmiK9risTz3QMYmH01pC.jpg";"https://www.themoviedb.org/movie/177572/images/posters"
"Baywatch";"Movie";"Baywatch (2017) {tmdb-339846}";"4K";"Textless";"false";"false";"https://image.tmdb.org/t/p/original/3l92RVonyCslmnNqO5fHBzZwsaq.jpg";"https://www.themoviedb.org/movie/339846/images/posters"
"Beau Is Afraid";"Movie";"Beau Is Afraid (2023) {tmdb-798286}";"4K";"Textless";"false";"false";"https://image.tmdb.org/t/p/original/tQymXvvXjD8zEdLbFdws3a2VwWL.jpg";"https://www.themoviedb.org/movie/798286/images/posters"
"Beetlejuice";"Movie";"Beetlejuice (1988) {tmdb-4011}";"4K";"Textless";"false";"false";"https://image.tmdb.org/t/p/original/ldj2629m04ahiWmkobtNNQYeFJz.jpg";"https://www.themoviedb.org/movie/4011/images/posters"
"Belfast";"Movie";"Belfast (2021) {tmdb-777270}";"4K";"Textless";"false";"false";"https://image.tmdb.org/t/p/original/xsJ5QxNf2i7PxyMiH9Hwp9pygPA.jpg";"https://www.themoviedb.org/movie/777270/images/posters"
"Best Sellers";"Movie";"Best Sellers (2021) {tmdb-669659}";"4K";"Textless";"false";"false";"https://image.tmdb.org/t/p/original/sci5lP6FflEYcLLFZedEBt4Wiai.jpg";"https://www.themoviedb.org/movie/669659/images/posters"
"Betonrausch";"Movie";"Rising High (2020) {tmdb-658751}";"4K";"Textless";"false";"false";"https://image.tmdb.org/t/p/original/v7jlwxCyQnA8qFC0gFcI5vGbh9O.jpg";"https://www.themoviedb.org/movie/658751/images/posters"
"Better Man - Die Robbie Williams Story";"Movie";"Better Man (2024) {tmdb-799766}";"4K";"Textless";"false";"false";"https://image.tmdb.org/t/p/original/21SoldO4CibrC6yVK2LwzYGUwSa.jpg";"https://www.themoviedb.org/movie/799766/images/posters"
"Betty und ihre Schwestern";"Movie";"Little Women (1994) {tmdb-9587}";"4K";"Textless";"false";"false";"https://image.tmdb.org/t/p/original/nY3Hh9VuQ2ChBQfrt69kR7aGrTl.jpg";"https://www.themoviedb.org/movie/9587/images/posters"
"Beverly Hills Cop - Ich lös' den Fall auf jeden Fall";"Movie";"Beverly Hills Cop (1984) {tmdb-90}";"4K";"Textless";"false";"false";"https://image.tmdb.org/t/p/original/21nhxxJpXWNdcF39OUpBfdKDdR0.jpg";"https://www.themoviedb.org/movie/90/images/posters"
"Beverly Hills Cop II";"Movie";"Beverly Hills Cop II (1987) {tmdb-96}";"4K";"Textless";"false";"false";"https://image.tmdb.org/t/p/original/voYlDm0NANWwgARRKea4dAdRSAU.jpg";"https://www.themoviedb.org/movie/96/images/posters"
"Beverly Hills Cop III";"Movie";"Beverly Hills Cop III (1994) {tmdb-306}";"4K";"Textless";"false";"false";"https://image.tmdb.org/t/p/original/o7u1y5CexHtR23CB9Jy8wNfrqGZ.jpg";"https://www.themoviedb.org/movie/306/images/posters"
"Big";"Movie";"Big (1988) {tmdb-2280}";"4K";"Textless";"false";"false";"https://image.tmdb.org/t/p/original/t8HUOtSKXPhyZRcYvmtAgb6HiVm.jpg";"https://www.themoviedb.org/movie/2280/images/posters"
"Big Fish - Der Zauber, der ein Leben zur Legende macht";"Movie";"Big Fish (2003) {tmdb-587}";"4K";"Textless";"false";"false";"https://image.tmdb.org/t/p/original/djY3ls15rsRVzrxIqU7pmm6PVyI.jpg";"https://www.themoviedb.org/movie/587/images/posters"
"The Big Lebowski";"Movie";"The Big Lebowski (1998) {tmdb-115}";"4K";"Textless";"false";"false";"https://image.tmdb.org/t/p/original/d4mlLPOwfeQV3nZy4yFRjf9rZgY.jpg";"https://www.themoviedb.org/movie/115/images/posters"
